4r5e,
5h1t,
5hit,
a55,
ar5e,
arrse,
arse,
ass,
ass-fucker,
asses,
assfucker,
assfukka,
asshole,
assholes,
asswhole,
a_s_s,
b!tch,
b00bs,
b17ch,
b1tch,
ballbag,
ballsack,
bastard,
bellend,
bi+ch,
biatch,
bitch,
bitcher,
bitchers,
bitches,
bitchin,
bitching,
boiolas,
bollock,
bollocks,
bollok,
boner,
booobs,
boooobs,
booooobs,
booooooobs,
buceta,
bugger,
bunny fucker,
butthole,
buttmunch,
c0ck,
c0cksucker,
carpet muncher,
cawk,
chink,
cipa,
cl1t,
clit,
clits,
cnut,
cock,
cock-sucker,
cockface,
cockhead,
cockmunch,
cockmuncher,
cocks,
cocksuck,
cocksucked,
cocksucker,
cocksucking,
cocksucks,
cocksuka,
cocksukka,
cok,
cokmuncher,
coksucka,
coon,
cox,
crap,
cum,
cummer,
cumming,
cums,
cumshot,
cunt,
cuntlick,
cuntlicker,
cuntlicking,
cunts,
cyberfuc,
cyberfuck,
cyberfucked,
cyberfucker,
cyberfuckers,
cyberfucking,
d1ck,
dick,
dickhead,
dink,
dinks,
dlck,
dog-fucker,
doggin,
dogging,
donkeyribber,
f u c k,
f u c k e r,
f4nny,
fag,
fagging,
faggitt,
faggot,
faggs,
fagot,
fagots,
fags,
fanny,
fannyflaps,
fannyfucker,
fanyy,
fatass,
fcuk,
fcuker,
fcuking,
feck,
fecker,
fingerfuck,
fingerfucked,
fingerfucker,
fingerfuckers,
fingerfucking,
fingerfucks,
fistfuck,
fistfucked,
fistfucker,
fistfuckers,
fistfucking,
fistfuckings,
fistfucks,
flange,
fook,
fooker,
fuck,
fucka,
fucked,
fucker,
fuckers,
fuckhead,
fuckheads,
fuckin,
fucking,
fuckings,
fuckingshitmotherfucker,
fuckme,
fucks,
fuckwhit,
fuckwit,
fudge packer,
fudgepacker,
fuk,
fuker,
fukker,
fukkin,
fuks,
fukwhit,
fukwit,
fux,
fux0r,
f_u_c_k,
gangbang,
gangbanged,
gangbangs,
gaylord,
gaysex,
god-dam,
god-damned,
goddamn,
goddamned,
hardcoresex,
hoar,
hoare,
hoer,
homo,
hore,
hotsex,
jack-off,
jackoff,
jerk-off,
jism,
jiz,
jizm,
jizz,
kawk,
knobead,
knobed,
knobend,
knobhead,
knobjocky,
knobjokey,
kock,
kondum,
kondums,
kum,
kummer,
kumming,
kums,
l3i+ch,
l3itch,
lmfao,
m0f0,
m0fo,
mo-fo,
mof0,
mofo,
mothafuck,
mothafucka,
mothafuckas,
mothafuckaz,
mothafucked,
mothafucker,
mothafuckers,
mothafuckin,
mothafucking,
mothafuckings,
mothafucks,
mother fucker,
motherfuck,
motherfucked,
motherfucker,
motherfuckers,
motherfuckin,
motherfucking,
motherfuckings,
motherfuckka,
motherfucks,
muff,
mutha,
muthafecker,
muthafuckker,
muther,
mutherfucker,
n1gga,
n1gger,
nigg3r,
nigg4h,
nigga,
niggah,
niggas,
niggaz,
nigger,
niggers,
nob,
nob jokey,
nobhead,
nobjocky,
nobjokey,
numbnuts,
nutsack,
penisfucker,
phuck,
phuk,
phuked,
phuking,
phukked,
phukking,
phuks,
phuq,
pigfucker,
pimpis,
piss,
pissed,
pisser,
pissers,
pisses,
pissflaps,
pissin,
pissing,
pissoff,
prick,
pricks,
pusse,
pussi,
pussies,
pussy,
pussys,
retard,
rimjaw,
s hit,
schlong,
sh!+,
sh!t,
sh1t,
shag,
shagger,
shaggin,
shagging,
shemale,
shi+,
shit,
shitdick,
shite,
shited,
shitey,
shitfuck,
shitfull,
shithead,
shiting,
shitings,
shits,
shitted,
shitter,
shitters,
shitting,
shittings,
shitty,
skank,
slut,
sluts,
snatch,
son-of-a-bitch,
spac,
s_h_i_t,
t1tt1e5,
t1tties,
teets,
teez,
tit,
titfuck,
tits,
titt,
tittie5,
tittiefucker,
titties,
tittyfuck,
tittywank,
titwank,
tosser,
turd,
tw4t,
twat,
twathead,
twatty,
twunt,
twunter,
w00se,
wang,
wank,
wanker,
wanky,
whore,
willies,
willy
